{"cameraMode":{"drawMode":0,"name":"Shaded","section":"Shading Mode"},"sceneLighting":false,"audioPlay":false,"sceneViewState":{"showFog":true,"showMaterialUpdate":false,"showSkybox":true,"showFlares":true,"showImageEffects":true,"showParticleSystems":true},"in2DMode":false,"pivot":{"x":743.1915283203125,"y":765.39453125,"z":-185.0012664794922},"rotation":{"x":0.008692506700754166,"y":0.042023416608572009,"z":0.0003665862313937396,"w":-0.9990788102149963},"size":0.09098076820373535,"orthographic":false}