{"cameraMode":{"drawMode":0,"name":"Shaded","section":"Shading Mode"},"sceneLighting":false,"audioPlay":false,"sceneViewState":{"showFog":true,"showMaterialUpdate":false,"showSkybox":true,"showFlares":true,"showImageEffects":true,"showParticleSystems":true},"in2DMode":false,"pivot":{"x":0.02781505323946476,"y":-0.014063321053981781,"z":0.0001767277717590332},"rotation":{"x":0.06974727660417557,"y":-0.10481858998537064,"z":-0.007369202096015215,"w":-0.9920151829719544},"size":0.1226864829659462,"orthographic":false}