{"cameraMode":{"drawMode":0,"name":"Shaded","section":"Shading Mode"},"sceneLighting":false,"audioPlay":false,"sceneViewState":{"showFog":true,"showMaterialUpdate":false,"showSkybox":true,"showFlares":true,"showImageEffects":true,"showParticleSystems":true},"in2DMode":false,"pivot":{"x":522.4307861328125,"y":243.75967407226563,"z":16.85687255859375},"rotation":{"x":-0.28891804814338686,"y":0.08545462787151337,"z":-0.025901801884174348,"w":-0.9531804919242859},"size":14.457843780517579,"orthographic":false}