{"cameraMode":{"drawMode":0,"name":"Shaded","section":"Shading Mode"},"sceneLighting":false,"audioPlay":false,"sceneViewState":{"showFog":true,"showMaterialUpdate":false,"showSkybox":true,"showFlares":true,"showImageEffects":true,"showParticleSystems":true},"in2DMode":false,"pivot":{"x":0.05918693542480469,"y":-0.032483600080013278,"z":-0.00657200813293457},"rotation":{"x":-0.03595680370926857,"y":0.2546609342098236,"z":0.009475842118263245,"w":0.9663152098655701},"size":0.08173302561044693,"orthographic":false}