{"cameraMode":{"drawMode":0,"name":"Shaded","section":"Shading Mode"},"sceneLighting":false,"audioPlay":false,"sceneViewState":{"showFog":true,"showMaterialUpdate":false,"showSkybox":true,"showFlares":true,"showImageEffects":true,"showParticleSystems":true},"in2DMode":false,"pivot":{"x":-0.01762513816356659,"y":0.005060464143753052,"z":0.0},"rotation":{"x":-0.13229955732822419,"y":-0.27843740582466128,"z":0.03875603899359703,"w":-0.9505090713500977},"size":0.09328959137201309,"orthographic":false}