{"cameraMode":{"drawMode":0,"name":"Shaded","section":"Shading Mode"},"sceneLighting":false,"audioPlay":false,"sceneViewState":{"showFog":true,"showMaterialUpdate":false,"showSkybox":true,"showFlares":true,"showImageEffects":true,"showParticleSystems":true},"in2DMode":false,"pivot":{"x":6.981139659881592,"y":11.20254898071289,"z":-3.2544941902160646},"rotation":{"x":-0.38275259733200076,"y":0.3749886453151703,"z":-0.17370685935020448,"w":-0.8262626528739929},"size":1.1834568977355958,"orthographic":false}