{"cameraMode":{"drawMode":0,"name":"Shaded","section":"Shading Mode"},"sceneLighting":false,"audioPlay":false,"sceneViewState":{"showFog":true,"showMaterialUpdate":false,"showSkybox":true,"showFlares":true,"showImageEffects":true,"showParticleSystems":true},"in2DMode":false,"pivot":{"x":-131.57980346679688,"y":-49.60624694824219,"z":-172.5928955078125},"rotation":{"x":0.004782299045473337,"y":-0.1003350019454956,"z":0.0004822875198442489,"w":0.9949421286582947},"size":0.08334589004516602,"orthographic":false}