{"cameraMode":{"drawMode":0,"name":"Shaded","section":"Shading Mode"},"sceneLighting":false,"audioPlay":false,"sceneViewState":{"showFog":true,"showMaterialUpdate":false,"showSkybox":true,"showFlares":true,"showImageEffects":true,"showParticleSystems":true},"in2DMode":false,"pivot":{"x":157.9933624267578,"y":105.44660949707031,"z":-107.27306365966797},"rotation":{"x":0.16011352837085725,"y":-0.2785971760749817,"z":-0.04716295376420021,"w":-0.9457922577857971},"size":0.14117956161499024,"orthographic":false}