{"cameraMode":{"drawMode":0,"name":"Shaded","section":"Shading Mode"},"sceneLighting":false,"audioPlay":false,"sceneViewState":{"showFog":true,"showMaterialUpdate":false,"showSkybox":true,"showFlares":true,"showImageEffects":true,"showParticleSystems":true},"in2DMode":false,"pivot":{"x":-0.020005807280540468,"y":0.005398064851760864,"z":0.0},"rotation":{"x":-0.26838764548301699,"y":-0.19760999083518983,"z":0.05635404214262962,"w":-0.9411389827728272},"size":0.09530598670244217,"orthographic":false}