{"cameraMode":{"drawMode":0,"name":"Shaded","section":"Shading Mode"},"sceneLighting":false,"audioPlay":false,"sceneViewState":{"showFog":true,"showMaterialUpdate":false,"showSkybox":true,"showFlares":true,"showImageEffects":true,"showParticleSystems":true},"in2DMode":false,"pivot":{"x":2.5439281463623049,"y":1.5229158401489258,"z":-0.6335492134094238},"rotation":{"x":0.9400429725646973,"y":-0.0020477704238146545,"z":0.005645210389047861,"w":0.3410031795501709},"size":0.16346614062786103,"orthographic":false}