{"cameraMode":{"drawMode":0,"name":"Shaded","section":"Shading Mode"},"sceneLighting":false,"audioPlay":false,"sceneViewState":{"showFog":true,"showMaterialUpdate":false,"showSkybox":true,"showFlares":true,"showImageEffects":true,"showParticleSystems":true},"in2DMode":false,"pivot":{"x":0.003431372344493866,"y":0.013438028283417225,"z":0.002635285258293152},"rotation":{"x":0.009181758388876915,"y":-0.16191256046295167,"z":0.0015060027362778783,"w":0.9867612719535828},"size":0.08663258701562882,"orthographic":false}