{"cameraMode":{"drawMode":0,"name":"Shaded","section":"Shading Mode"},"sceneLighting":false,"audioPlay":false,"sceneViewState":{"showFog":true,"showMaterialUpdate":false,"showSkybox":true,"showFlares":true,"showImageEffects":true,"showParticleSystems":true},"in2DMode":false,"pivot":{"x":-0.42896032333374026,"y":-3.2255709171295168,"z":-5.9130706787109379},"rotation":{"x":-0.0266826581209898,"y":0.023983975872397424,"z":0.0006403304869309068,"w":0.9993560314178467},"size":7.498417377471924,"orthographic":false}