{"cameraMode":{"drawMode":0,"name":"Shaded","section":"Shading Mode"},"sceneLighting":false,"audioPlay":false,"sceneViewState":{"showFog":true,"showMaterialUpdate":false,"showSkybox":true,"showFlares":true,"showImageEffects":true,"showParticleSystems":true},"in2DMode":false,"pivot":{"x":0.04736070707440376,"y":0.011077653616666794,"z":-0.009037315845489502},"rotation":{"x":-0.01955713890492916,"y":0.32650670409202578,"z":0.0067572565749287609,"w":0.9449684619903565},"size":0.05575273558497429,"orthographic":false}