{"cameraMode":{"drawMode":0,"name":"Shaded","section":"Shading Mode"},"sceneLighting":false,"audioPlay":false,"sceneViewState":{"showFog":true,"showMaterialUpdate":false,"showSkybox":true,"showFlares":true,"showImageEffects":true,"showParticleSystems":true},"in2DMode":false,"pivot":{"x":0.0959266871213913,"y":0.09562499821186066,"z":-0.09562500566244126},"rotation":{"x":-0.03717422857880592,"y":-0.023986272513866426,"z":-0.0008925836882553995,"w":0.999020516872406},"size":0.5685798525810242,"orthographic":false}