{"cameraMode":{"drawMode":0,"name":"Shaded","section":"Shading Mode"},"sceneLighting":false,"audioPlay":false,"sceneViewState":{"showFog":true,"showMaterialUpdate":false,"showSkybox":true,"showFlares":true,"showImageEffects":true,"showParticleSystems":true},"in2DMode":false,"pivot":{"x":507.2008972167969,"y":285.1826171875,"z":4.413299560546875},"rotation":{"x":-0.03907779976725578,"y":-0.10530959814786911,"z":0.004141779616475105,"w":-0.9936627745628357},"size":100.38610076904297,"orthographic":false}