{"cameraMode":{"drawMode":0,"name":"Shaded","section":"Shading Mode"},"sceneLighting":false,"audioPlay":false,"sceneViewState":{"showFog":true,"showMaterialUpdate":false,"showSkybox":true,"showFlares":true,"showImageEffects":true,"showParticleSystems":true},"in2DMode":false,"pivot":{"x":-0.0030965982005000116,"y":0.00502130389213562,"z":-0.004408299922943115},"rotation":{"x":0.9400429725646973,"y":-0.0020477704238146545,"z":0.005645210389047861,"w":0.3410031795501709},"size":0.20108303427696229,"orthographic":false}