{"cameraMode":{"drawMode":0,"name":"Shaded","section":"Shading Mode"},"sceneLighting":false,"audioPlay":false,"sceneViewState":{"showFog":true,"showMaterialUpdate":false,"showSkybox":true,"showFlares":true,"showImageEffects":true,"showParticleSystems":true},"in2DMode":false,"pivot":{"x":1.3969838619232178e-9,"y":0.0,"z":-2.7939677238464357e-9},"rotation":{"x":-0.10818831622600556,"y":-0.11931584030389786,"z":-0.013080630451440812,"w":0.9868575930595398},"size":0.12124975770711899,"orthographic":false}