{"cameraMode":{"drawMode":0,"name":"Shaded","section":"Shading Mode"},"sceneLighting":false,"audioPlay":false,"sceneViewState":{"showFog":true,"showMaterialUpdate":false,"showSkybox":true,"showFlares":true,"showImageEffects":true,"showParticleSystems":true},"in2DMode":false,"pivot":{"x":316.73406982421877,"y":319.69036865234377,"z":-158.06378173828126},"rotation":{"x":-0.23347388207912446,"y":-0.11403945088386536,"z":0.027583539485931398,"w":-0.9652585983276367},"size":769.6227416992188,"orthographic":false}