{"cameraMode":{"drawMode":0,"name":"Shaded","section":"Shading Mode"},"sceneLighting":false,"audioPlay":false,"sceneViewState":{"showFog":true,"showMaterialUpdate":false,"showSkybox":true,"showFlares":true,"showImageEffects":true,"showParticleSystems":true},"in2DMode":false,"pivot":{"x":504.1012268066406,"y":388.53582763671877,"z":-175.86663818359376},"rotation":{"x":0.19863726198673249,"y":0.6733897924423218,"z":-0.19533033668994904,"w":0.684788703918457},"size":20.187244415283204,"orthographic":false}