{"cameraMode":{"drawMode":0,"name":"Shaded","section":"Shading Mode"},"sceneLighting":false,"audioPlay":false,"sceneViewState":{"showFog":true,"showMaterialUpdate":false,"showSkybox":true,"showFlares":true,"showImageEffects":true,"showParticleSystems":true},"in2DMode":false,"pivot":{"x":0.050999999046325687,"y":-0.011171874590218068,"z":0.0},"rotation":{"x":-0.03717422857880592,"y":-0.023986272513866426,"z":-0.0008925836882553995,"w":0.999020516872406},"size":0.17229068279266358,"orthographic":false}