{"cameraMode":{"drawMode":0,"name":"Shaded","section":"Shading Mode"},"sceneLighting":false,"audioPlay":false,"sceneViewState":{"showFog":true,"showMaterialUpdate":false,"showSkybox":true,"showFlares":true,"showImageEffects":true,"showParticleSystems":true},"in2DMode":false,"pivot":{"x":-0.0020735375583171846,"y":-0.004838377237319946,"z":0.03724917024374008},"rotation":{"x":-0.06506626307964325,"y":-0.24618986248970033,"z":-0.016567422077059747,"w":0.966893196105957},"size":0.10431927442550659,"orthographic":false}