{"cameraMode":{"drawMode":0,"name":"Shaded","section":"Shading Mode"},"sceneLighting":true,"audioPlay":false,"sceneViewState":{"showFog":true,"showMaterialUpdate":false,"showSkybox":true,"showFlares":true,"showImageEffects":true,"showParticleSystems":true},"in2DMode":false,"pivot":{"x":140.7440185546875,"y":180.20445251464845,"z":31.191484451293947},"rotation":{"x":0.2789548933506012,"y":0.20819909870624543,"z":-0.06208831071853638,"w":0.9354049563407898},"size":878.267333984375,"orthographic":false}