{"cameraMode":{"drawMode":0,"name":"Shaded","section":"Shading Mode"},"sceneLighting":false,"audioPlay":false,"sceneViewState":{"showFog":true,"showMaterialUpdate":false,"showSkybox":true,"showFlares":true,"showImageEffects":true,"showParticleSystems":true},"in2DMode":false,"pivot":{"x":0.011983521282672882,"y":-0.08013337850570679,"z":-0.01882791891694069},"rotation":{"x":0.01746264658868313,"y":-0.9099491238594055,"z":0.03851353004574776,"w":0.412558376789093},"size":0.19240568578243257,"orthographic":false}