{"cameraMode":{"drawMode":0,"name":"Shaded","section":"Shading Mode"},"sceneLighting":false,"audioPlay":false,"sceneViewState":{"showFog":true,"showMaterialUpdate":false,"showSkybox":true,"showFlares":true,"showImageEffects":true,"showParticleSystems":true},"in2DMode":false,"pivot":{"x":0.0,"y":-0.17299999296665193,"z":1.0579999685287476},"rotation":{"x":0.08074384182691574,"y":-0.9099569916725159,"z":0.21143557131290437,"w":0.3474964201450348},"size":2.333510637283325,"orthographic":false}