{"cameraMode":{"drawMode":0,"name":"Shaded","section":"Shading Mode"},"sceneLighting":false,"audioPlay":false,"sceneViewState":{"showFog":true,"showMaterialUpdate":false,"showSkybox":true,"showFlares":true,"showImageEffects":true,"showParticleSystems":true},"in2DMode":false,"pivot":{"x":1020.8720092773438,"y":453.0855407714844,"z":-42.313995361328128},"rotation":{"x":-0.22362905740737916,"y":0.18524476885795594,"z":-0.04333581030368805,"w":-0.9559270143508911},"size":1375.7730712890625,"orthographic":false}