{"cameraMode":{"drawMode":0,"name":"Shaded","section":"Shading Mode"},"sceneLighting":false,"audioPlay":false,"sceneViewState":{"showFog":true,"showMaterialUpdate":false,"showSkybox":true,"showFlares":true,"showImageEffects":true,"showParticleSystems":true},"in2DMode":false,"pivot":{"x":492.6365051269531,"y":258.0345764160156,"z":-23.315645217895509},"rotation":{"x":-0.027133572846651079,"y":-0.11131414771080017,"z":0.0030406517907977106,"w":-0.9934101104736328},"size":0.10428161919116974,"orthographic":false}