{"cameraMode":{"drawMode":0,"name":"Shaded","section":"Shading Mode"},"sceneLighting":false,"audioPlay":false,"sceneViewState":{"showFog":true,"showMaterialUpdate":false,"showSkybox":true,"showFlares":true,"showImageEffects":true,"showParticleSystems":true},"in2DMode":false,"pivot":{"x":740.8404541015625,"y":759.885498046875,"z":-177.27613830566407},"rotation":{"x":-0.06427738070487976,"y":-0.12090996652841568,"z":0.00784694030880928,"w":-0.9905491471290588},"size":0.2046618014574051,"orthographic":false}