{"cameraMode":{"drawMode":0,"name":"Shaded","section":"Shading Mode"},"sceneLighting":false,"audioPlay":false,"sceneViewState":{"showFog":true,"showMaterialUpdate":false,"showSkybox":true,"showFlares":true,"showImageEffects":true,"showParticleSystems":true},"in2DMode":false,"pivot":{"x":-0.024399016052484514,"y":0.005024224519729614,"z":0.0},"rotation":{"x":0.26165467500686648,"y":-0.05638689175248146,"z":-0.015313690528273583,"w":-0.9633913636207581},"size":0.08220609277486801,"orthographic":false}