{"cameraMode":{"drawMode":0,"name":"Shaded","section":"Shading Mode"},"sceneLighting":false,"audioPlay":false,"sceneViewState":{"showFog":true,"showMaterialUpdate":false,"showSkybox":true,"showFlares":true,"showImageEffects":true,"showParticleSystems":true},"in2DMode":false,"pivot":{"x":0.07633302360773087,"y":-0.00250351894646883,"z":-0.004679560661315918},"rotation":{"x":0.0017863039392977954,"y":0.15060381591320039,"z":-0.00027226650854572654,"w":0.9885926246643066},"size":0.10431928932666779,"orthographic":false}