{"cameraMode":{"drawMode":0,"name":"Shaded","section":"Shading Mode"},"sceneLighting":true,"audioPlay":false,"sceneViewState":{"showFog":true,"showMaterialUpdate":true,"showSkybox":true,"showFlares":true,"showImageEffects":true,"showParticleSystems":true},"in2DMode":false,"pivot":{"x":782.88427734375,"y":1232.2625732421875,"z":1109.9517822265625},"rotation":{"x":0.33175647258758547,"y":-0.10075775533914566,"z":-0.0356639139354229,"w":-0.937290608882904},"size":1864.1990966796875,"orthographic":false}