{"cameraMode":{"drawMode":0,"name":"Shaded","section":"Shading Mode"},"sceneLighting":false,"audioPlay":false,"sceneViewState":{"showFog":true,"showMaterialUpdate":true,"showSkybox":true,"showFlares":true,"showImageEffects":true,"showParticleSystems":true},"in2DMode":false,"pivot":{"x":524.0800170898438,"y":247.37939453125,"z":5.869068145751953},"rotation":{"x":0.33175647258758547,"y":-0.10075775533914566,"z":-0.0356639139354229,"w":-0.937290608882904},"size":14.457843780517579,"orthographic":false}