{"cameraMode":{"drawMode":0,"name":"Shaded","section":"Shading Mode"},"sceneLighting":false,"audioPlay":false,"sceneViewState":{"showFog":true,"showMaterialUpdate":true,"showSkybox":true,"showFlares":true,"showImageEffects":true,"showParticleSystems":true},"in2DMode":false,"pivot":{"x":489.655029296875,"y":259.9595642089844,"z":-19.27655029296875},"rotation":{"x":0.33175647258758547,"y":-0.10075775533914566,"z":-0.0356639139354229,"w":-0.937290608882904},"size":0.16735975444316865,"orthographic":false}