{"cameraMode":{"drawMode":0,"name":"Shaded","section":"Shading Mode"},"sceneLighting":false,"audioPlay":false,"sceneViewState":{"showFog":true,"showMaterialUpdate":true,"showSkybox":true,"showFlares":true,"showImageEffects":true,"showParticleSystems":true},"in2DMode":false,"pivot":{"x":492.85076904296877,"y":257.846923828125,"z":-23.315645217895509},"rotation":{"x":0.33175647258758547,"y":-0.10075775533914566,"z":-0.0356639139354229,"w":-0.937290608882904},"size":1.5879311561584473,"orthographic":false}