{"cameraMode":{"drawMode":0,"name":"Shaded","section":"Shading Mode"},"sceneLighting":false,"audioPlay":false,"sceneViewState":{"showFog":true,"showMaterialUpdate":true,"showSkybox":true,"showFlares":true,"showImageEffects":true,"showParticleSystems":true},"in2DMode":false,"pivot":{"x":540.683349609375,"y":-777.3049926757813,"z":-792.4979858398438},"rotation":{"x":0.20962460339069367,"y":-0.19702112674713136,"z":-0.04316795617341995,"w":-0.9567533135414124},"size":20.108272552490236,"orthographic":false}