{"cameraMode":{"drawMode":0,"name":"Shaded","section":"Shading Mode"},"sceneLighting":false,"audioPlay":false,"sceneViewState":{"showFog":true,"showMaterialUpdate":true,"showSkybox":true,"showFlares":true,"showImageEffects":true,"showParticleSystems":true},"in2DMode":false,"pivot":{"x":545.8486328125,"y":-777.5340576171875,"z":-793.2166137695313},"rotation":{"x":0.20962460339069367,"y":-0.19702112674713136,"z":-0.04316795617341995,"w":-0.9567533135414124},"size":24.53738784790039,"orthographic":false}