{"cameraMode":{"drawMode":0,"name":"Shaded","section":"Shading Mode"},"sceneLighting":false,"audioPlay":false,"sceneViewState":{"showFog":true,"showMaterialUpdate":true,"showSkybox":true,"showFlares":true,"showImageEffects":true,"showParticleSystems":true},"in2DMode":false,"pivot":{"x":0.0959266871213913,"y":0.09562499821186066,"z":-0.09562500566244126},"rotation":{"x":0.20962460339069367,"y":-0.19702112674713136,"z":-0.04316795617341995,"w":-0.9567533135414124},"size":0.5685798525810242,"orthographic":false}