{"cameraMode":{"drawMode":0,"name":"Shaded","section":"Shading Mode"},"sceneLighting":false,"audioPlay":false,"sceneViewState":{"showFog":true,"showMaterialUpdate":true,"showSkybox":true,"showFlares":true,"showImageEffects":true,"showParticleSystems":true},"in2DMode":false,"pivot":{"x":0.0,"y":-0.17299999296665193,"z":1.0579999685287476},"rotation":{"x":-0.09762345999479294,"y":-0.02446775510907173,"z":0.0024003093130886556,"w":-0.9949197173118591},"size":2.333510637283325,"orthographic":false}