{"cameraMode":{"drawMode":0,"name":"Shaded","section":"Shading Mode"},"sceneLighting":false,"audioPlay":false,"sceneViewState":{"showFog":true,"showMaterialUpdate":true,"showSkybox":true,"showFlares":true,"showImageEffects":true,"showParticleSystems":true},"in2DMode":false,"pivot":{"x":0.1399998664855957,"y":-0.3914664089679718,"z":7.960000038146973},"rotation":{"x":-0.14506113529205323,"y":0.0557839535176754,"z":-0.008192421868443489,"w":-0.9878149628639221},"size":16.67310905456543,"orthographic":false}