{"cameraMode":{"drawMode":0,"name":"Shaded","section":"Shading Mode"},"sceneLighting":false,"audioPlay":false,"sceneViewState":{"showFog":true,"showMaterialUpdate":true,"showSkybox":true,"showFlares":true,"showImageEffects":true,"showParticleSystems":true},"in2DMode":false,"pivot":{"x":0.0,"y":-0.17299999296665193,"z":1.0579999685287476},"rotation":{"x":0.20962460339069367,"y":-0.19702112674713136,"z":-0.04316795617341995,"w":-0.9567533135414124},"size":2.333510637283325,"orthographic":false}