{"cameraMode":{"drawMode":0,"name":"Shaded","section":"Shading Mode"},"sceneLighting":false,"audioPlay":false,"sceneViewState":{"showFog":true,"showMaterialUpdate":true,"showSkybox":true,"showFlares":true,"showImageEffects":true,"showParticleSystems":true},"in2DMode":false,"pivot":{"x":2.5439281463623049,"y":1.5229158401489258,"z":-0.6335492134094238},"rotation":{"x":0.20962460339069367,"y":-0.19702112674713136,"z":-0.04316795617341995,"w":-0.9567533135414124},"size":0.11150547116994858,"orthographic":false}