{"cameraMode":{"drawMode":0,"name":"Shaded","section":"Shading Mode"},"sceneLighting":false,"audioPlay":false,"sceneViewState":{"showFog":true,"showMaterialUpdate":true,"showSkybox":true,"showFlares":true,"showImageEffects":true,"showParticleSystems":true},"in2DMode":false,"pivot":{"x":1104.550048828125,"y":490.5500183105469,"z":1.0},"rotation":{"x":-0.09762345999479294,"y":-0.02446775510907173,"z":0.0024003093130886556,"w":-0.9949197173118591},"size":596.1248779296875,"orthographic":false}